{
  "2025-04-02": {
    "Flatbox": {
      "goal": "Recuperar los servidores",
      "objective": "tener los servidores en casa",
      "tasks": [
        "llamar para agendar el retriro de servidores",
        "enviar correo de solicitud de retiro de servidores"
      ],
      "completed": true,
      "task_status": {
        "llamar para agendar el retriro de servidores": true,
        "enviar correo de solicitud de retiro de servidores": true
      },
      "note": ""
    },
    "Robocrops": {
      "goal": "terminar el formulario de participacion de amazon devices-MIT",
      "objective": "enviar el formulario",
      "tasks": [
        "hacer el pitch para el formulario"
      ],
      "completed": true,
      "task_status": {
        "hacer el pitch para el formulario": true
      },
      "note": ""
    },
    "Ereditas": {
      "goal": "alcanzar a la clase en el contenido del curso",
      "objective": "hacer las tareas atrasadas",
      "tasks": [
        "hacer las tareas atrasadas",
        "hacer las tareas atrasadas"
      ],
      "completed": false,
      "task_status": {
        "hacer las tareas atrasadas": false
      },
      "note": ""
    },
    "Coding": {
      "goal": "publicar la pagina de guatecompras",
      "objective": "publicar la pagina de guatepras con los insighs de looker studio",
      "tasks": [
        "hacer publico el recurso"
      ],
      "completed": false,
      "task_status": {
        "hacer publico el recurso": false
      },
      "note": ""
    }
  },
  "2025-04-03": {
    "Flatbox": {
      "goal": "Recuperar los Servidores de visoin de Maquinba de ELECTRA y TRUELIEVE",
      "objective": "Recuperar servidores y empezar el plan para monetizar un marketplace de IoT",
      "tasks": [
        "Escribir el correo para recuperar los servidores de vision de maquina",
        "Escirbir el coreo para Truelieve sobre la fecha propuesta despues de SS para recuperar los servers",
        "planificar el viaje a Florida y hacer un presupuesto de viaje",
        "Empezar a ver lo del market place de Flatbox para IoT (instagram y facebook etc)",
        "hacer un listado de los senores disponibles para catalogo y hacer un excel de precios con envio e instalacion",
        "Escribir por Wahtsapp para entablar la conversacion"
      ],
      "completed": true,
      "task_status": {
        "Escribir el correo para recuperar los servidores de vision de maquina": true,
        "Escirbir el coreo para Truelieve sobre la fecha propuesta despues de SS para recuperar los servers": true,
        "planificar el viaje a Florida y hacer un presupuesto de viaje": true,
        "Empezar a ver lo del market place de Flatbox para IoT (instagram y facebook etc)": true,
        "hacer un listado de los senores disponibles para catalogo y hacer un excel de precios con envio e instalacion": true,
        "Escribir por Wahtsapp para entablar la conversacion": true
      },
      "note": "seran 812 dolares de presupuesto de viaje"
    },
    "Robocrops": {
      "goal": "Avanzar en la propuesta de MIT y AWS para devices",
      "objective": "Terminar el formulario de propuesta de AWS",
      "tasks": [
        "Grabar el video del pitch con opensource",
        "abrir un Repositorio para el GIT  de RoboCrops",
        "Empezar a hacer los diagramas de conexion de Robo-crops  para opensource y lista de materiales"
      ],
      "completed": true,
      "task_status": {
        "Grabar el video del pitch con opensource": true,
        "abrir un Repositorio para el GIT  de RoboCrops": true,
        "Empezar a hacer los diagramas de conexion de Robo-crops  para opensource y lista de materiales": true
      },
      "note": ""
    },
    "Ereditas": {
      "goal": "Alcanzar las Tareas de la clase y preprar el Pitch para el lunes 8",
      "objective": "ponerme al dia con las tareas de la clase",
      "tasks": [
        "Tareas y pitch para las tareas",
        "No hacer nada de la pagina eso se hara en la parte de coding"
      ],
      "completed": false,
      "task_status": {
        "Tareas y pitch para las tareas": false,
        "No hacer nada de la pagina eso se hara en la parte de coding": false
      },
      "note": ""
    },
    "Coding": {
      "goal": "Trabajar en las paginas WEB de ERreditas y la pagina de WEB de flatbox y la pagina WEB de Robocrops",
      "objective": "Trabajar en la pagina web de Ereditas (fotos y laubnch)",
      "tasks": [
        "Trabajar en la pagina web de flatbox (marketplace)"
      ],
      "completed": true,
      "task_status": {
        "Trabajar en la pagina web de flatbox (marketplace)": true
      },
      "note": "pagina web market place scrapped all items"
    }
  }
}